"Kod";"Nazwa";"ogółem;ogółem;2010;[m2]";"ogółem;ogółem;2011;[m2]";"ogółem;ogółem;2012;[m2]";"ogółem;ogółem;2013;[m2]";"ogółem;ogółem;2014;[m2]";"ogółem;ogółem;2015;[m2]";"ogółem;ogółem;2016;[m2]";"ogółem;ogółem;2017;[m2]";"ogółem;ogółem;2018;[m2]";"ogółem;ogółem;2019;[m2]";"ogółem;ogółem;2020;[m2]";"ogółem;ogółem;2021;[m2]";"ogółem;ogółem;2022;[m2]";"ogółem;ogółem;2023;[m2]";"ogółem;ogółem;2024;[m2]";
0000000;"POLSKA";5554022,8;5737047,5;6144958,1;7014130,2;7014569,3;8037164,9;8819256,5;9657008,2;11028415,9;11393256,0;10913143,3;13481831,1;12287301,9;13116079,5;13866118,4;
0200000;"DOLNOŚLĄSKIE";779886,9;766093,8;820648,0;978110,4;901802,5;1012338,2;1199123,5;1275032,7;1385338,2;1430900,9;1133930,8;1886647,0;1466348,7;1550153,7;1603387,5;
0201000;"Powiat bolesławiecki";8160,9;5761,7;7632,3;12165,4;5698,1;17243,0;30300,5;31540,9;32986,7;32833,4;24124,3;34325,8;29693,4;25801,0;33512,0;
0202000;"Powiat dzierżoniowski";14441,7;13371,5;11856,0;13384,4;12260,7;16093,8;15674,4;15991,9;20110,6;26197,2;25893,5;36252,2;27397,7;26707,0;31811,0;
0203000;"Powiat głogowski";18554,3;18642,8;20279,9;23878,6;22241,7;20392,2;26805,2;27697,4;31600,6;27413,1;26431,6;41270,5;26636,5;29382,0;26208,0;
0204000;"Powiat górowski";624,3;297,0;409,9;0,0;178,4;754,4;380,1;478,8;1907,5;3101,2;4411,8;5320,1;4082,0;4466,0;5561,0;
0205000;"Powiat jaworski";3252,5;5263,4;4997,5;4763,9;3939,6;5243,6;6931,3;7998,7;7998,0;7481,3;9202,5;11114,4;9823,7;12630,0;11070,4;
0206000;"Powiat karkonoski";12936,2;9823,8;9713,3;11328,3;13987,4;18197,7;9504,1;11061,0;11358,6;11020,9;24102,3;28202,1;32748,7;27907,0;24858,5;
0207000;"Powiat kamiennogórski";3654,0;3839,5;4419,3;4477,0;4887,2;6237,9;5932,7;6928,0;7718,2;8221,5;7182,5;7531,8;7340,8;8952,0;9991,2;
0208000;"Powiat kłodzki";22608,5;21942,4;21201,6;23382,6;23999,7;24436,3;22871,7;29951,8;36202,5;42749,1;41294,6;48817,7;41543,9;35122,0;36785,6;
0209000;"Powiat legnicki";3788,0;3170,1;4445,0;3491,6;3776,9;5472,1;5405,1;5349,4;6573,6;5688,5;6736,1;12078,2;11672,3;13716,0;14168,0;
0210000;"Powiat lubański";6743,7;6893,9;6703,0;6791,1;9163,2;8081,2;9311,8;14770,5;13043,5;15686,2;12226,4;15782,8;23031,2;13910,0;14606,0;
0211000;"Powiat lubiński";23301,3;22087,3;28667,6;29130,0;28013,3;24451,1;31981,1;33857,2;40306,4;45048,9;43707,4;51901,0;38358,1;48618,0;38982,0;
0212000;"Powiat lwówecki";4651,9;4455,2;4313,7;3557,5;3743,8;2231,3;3863,8;5753,7;6935,6;7938,0;7986,0;7947,3;4913,5;5108,0;6820,0;
0213000;"Powiat milicki";4586,0;2325,8;6892,1;3932,5;3068,7;4330,2;6427,7;4491,1;5423,8;5815,9;9477,3;7533,3;9219,1;11486,0;7004,0;
0214000;"Powiat oleśnicki";18139,8;20265,6;15225,2;14548,8;16871,3;14627,1;19763,9;23102,4;26034,8;27485,9;32392,4;34895,6;25377,7;34482,0;42284,0;
0215000;"Powiat oławski";2879,2;12450,3;10090,2;16464,4;14573,7;14539,5;17907,8;20202,9;15609,1;13180,8;25408,4;37883,7;36793,1;28082,0;29821,0;
0216000;"Powiat polkowicki";11173,6;11476,0;10254,5;7913,7;10902,9;10985,6;9286,6;11663,0;10596,3;18525,2;13614,5;19341,6;15703,5;14913,0;16072,9;
0217000;"Powiat strzeliński";6202,3;4696,0;5393,4;4832,5;3552,7;5773,8;6464,3;6663,1;9078,1;9251,1;7344,3;7662,1;10252,7;8111,0;9386,9;
0218000;"Powiat średzki";4397,6;3435,9;6412,0;6885,0;3755,7;4428,0;4168,1;7219,0;11122,0;15357,2;15163,0;20336,6;15508,1;26314,5;39461,8;
0219000;"Powiat świdnicki";37449,3;31960,6;48569,6;29813,6;35193,0;42505,7;48817,2;47608,9;58409,5;64920,1;58824,8;69521,1;57605,2;67479,0;62509,0;
0220000;"Powiat trzebnicki";6640,0;6471,7;16317,4;13039,7;13983,0;14582,1;16503,8;19081,9;19508,6;17326,5;23992,4;31560,9;29085,5;20746,0;25612,0;
0221000;"Powiat wałbrzyski";44761,4;39817,4;30984,6;10192,5;10706,6;11648,5;12263,5;16198,2;15800,4;21266,6;19720,8;24853,6;17317,2;17663,0;19961,0;
0222000;"Powiat wołowski";16914,2;12824,9;11193,9;14825,0;11463,4;11430,7;15556,5;19387,6;20447,6;14828,0;21185,0;18664,5;12017,2;19794,0;18454,0;
0223000;"Powiat wrocławski";10318,6;30108,6;52302,0;59309,3;73880,7;58461,0;69677,8;70085,5;87152,4;118036,4;129875,2;169279,5;108155,7;154257,0;168579,0;
0224000;"Powiat ząbkowicki";7597,4;5129,6;5252,6;6669,5;5128,2;5311,6;8505,9;11156,5;10129,5;12955,3;14551,7;18930,7;14152,0;11572,0;13082,0;
0225000;"Powiat zgorzelecki";187,8;270,2;1111,9;1531,0;944,0;1886,0;5226,1;20007,5;19084,1;23732,6;18912,3;21070,4;20876,6;22837,0;23984,0;
0226000;"Powiat złotoryjski";7286,5;5623,0;4624,1;4929,3;5894,3;4622,4;6465,1;7640,0;7514,4;8971,7;8788,0;10455,3;9214,7;10121,0;8335,0;
0261000;"Powiat m. Jelenia Góra";20988,4;31959,5;35994,4;27974,6;32215,6;38793,2;46551,7;58718,9;49927,4;54587,3;44226,5;67641,1;48115,3;39461,2;49567,3;
0262000;"Powiat m. Legnica";32161,1;30410,5;33415,4;30871,5;31406,5;33803,9;38170,0;45685,2;64361,4;59835,6;54637,1;66714,4;48127,7;59241,0;54301,0;
0264000;"Powiat m. Wrocław";425486,4;401319,6;401975,6;563782,6;468124,3;556900,5;669644,1;661466,0;697228,1;669980,7;364423,3;905336,1;698546,0;710262,0;715938,9;
0265000;"Powiat m. Wałbrzych od 2013";;;;24141,2;28247,9;28873,8;28761,6;33275,7;41168,9;41464,7;38094,8;54422,6;33039,6;41013,0;44660,0;
0400000;"KUJAWSKO-POMORSKIE";227609,6;269293,2;285974,1;312560,3;309965,0;339311,1;337051,2;435322,9;487625,6;482980,6;430630,2;554379,6;483587,2;525406,4;572060,4;
0401000;"Powiat aleksandrowski";4486,9;4186,9;3438,6;5814,4;4729,5;4667,2;8437,7;8760,1;7870,7;10541,7;7528,2;12701,5;8564,8;8357,0;11063,8;
0402000;"Powiat brodnicki";9630,7;8512,6;7818,0;7792,1;9883,8;14175,8;14689,6;17018,6;23885,3;19033,0;15481,9;20095,7;14667,7;13264,0;16509,0;
0403000;"Powiat bydgoski";3016,1;4779,0;6953,9;6886,1;6686,4;13054,0;8330,4;11242,1;14814,1;14557,1;11640,3;20434,5;33171,1;24767,0;28126,0;
0404000;"Powiat chełmiński";3549,9;3935,5;3766,6;2826,7;2581,1;4923,7;5879,0;6754,1;5875,1;7043,9;6132,2;8041,4;5061,1;5834,0;6316,0;
0405000;"Powiat golubsko-dobrzyński";3450,4;2557,4;2910,9;2715,5;3478,1;3663,0;2444,6;6290,4;3405,9;3997,2;3452,2;5527,8;4573,6;11921,0;8295,0;
0406000;"Powiat grudziądzki";792,7;365,4;791,0;419,4;1008,1;1516,1;1812,8;2726,7;2301,6;3270,9;3395,0;4941,0;4982,7;3959,0;3245,0;
0407000;"Powiat inowrocławski";20942,5;21100,4;25636,9;25565,8;26006,8;30737,9;26659,7;34846,7;33031,4;34468,5;31299,7;43932,2;28600,4;36240,0;15774,0;
0408000;"Powiat lipnowski";1512,9;1305,5;1030,4;1716,5;2069,0;2352,3;2927,8;2445,5;1552,6;3969,5;3218,7;3588,8;3536,2;4571,0;5300,0;
0409000;"Powiat mogileński";1475,5;2036,4;2231,3;2652,9;2419,8;3030,9;2910,8;3056,2;4010,6;5000,9;4233,2;3404,0;8049,4;7304,0;5041,0;
0410000;"Powiat nakielski";5915,0;8174,4;7279,3;6392,4;9397,6;6485,7;8411,7;10717,8;10864,5;11659,1;12002,7;11847,5;10228,6;12724,0;13557,0;
0411000;"Powiat radziejowski";2045,5;2709,2;3049,2;2487,5;2027,7;869,3;1985,8;2682,6;3977,0;2797,3;1550,1;2501,1;2047,2;2514,0;4527,0;
0412000;"Powiat rypiński";1857,0;5460,0;3153,5;2782,1;3409,9;2741,0;3470,3;2138,1;2112,4;3637,0;3402,6;6565,0;7813,1;4165,0;9582,0;
0413000;"Powiat sępoleński";3032,7;2669,3;2277,9;2869,3;3948,9;2766,1;4049,2;3111,1;3204,9;3464,8;4198,2;5633,8;6218,2;5011,0;6063,0;
0414000;"Powiat świecki";9386,0;7934,4;7407,4;8459,0;8259,6;10303,7;7546,1;9767,0;10981,6;10057,8;13866,8;18230,6;19464,2;21990,0;15784,0;
0415000;"Powiat toruński";3962,6;3089,4;5806,0;5526,4;6036,6;6445,1;7522,3;10502,0;10491,0;13327,1;11902,6;16711,1;10658,0;12120,3;11929,5;
0416000;"Powiat tucholski";1206,8;757,1;1432,7;1828,5;1909,7;1562,4;2090,4;2009,8;2572,1;2690,9;2474,0;4915,3;4965,6;2647,0;4862,0;
0417000;"Powiat wąbrzeski";1404,4;1647,3;2014,5;2839,0;2217,0;2910,9;2446,4;3393,0;2926,3;2503,0;2627,8;3562,7;2747,7;4923,0;4540,0;
0418000;"Powiat włocławski";0,0;0,0;2207,9;1704,1;1972,4;3356,5;2435,9;1949,2;2795,1;3080,1;2932,4;3107,1;5412,2;4240,0;4238,0;
0419000;"Powiat żniński";4438,0;3994,0;3647,7;3868,0;6702,9;5553,9;4609,0;6231,3;6518,7;6522,1;8328,2;11187,5;8475,9;5226,0;9101,0;
0461000;"Powiat m. Bydgoszcz";83987,9;114805,1;127027,2;142034,7;130089,4;138906,4;140142,1;158387,8;178593,3;166697,2;145169,8;189103,0;169541,4;190597,1;213897,8;
0462000;"Powiat m. Grudziądz";14897,9;14796,4;15783,6;18559,1;18845,3;23357,7;21654,8;23509,2;34541,1;33607,5;35717,2;45225,9;36238,3;43420,0;41751,3;
0463000;"Powiat m. Toruń";29383,0;33523,2;31735,6;33552,4;34018,3;33272,3;38769,0;75321,8;84034,2;86244,3;74572,8;88405,7;64904,8;74281,0;102996,0;
0464000;"Powiat m. Włocławek";17235,2;20954,3;18574,0;23268,4;22267,1;22659,2;17825,8;32461,8;37266,1;34809,7;25503,6;24716,4;23665,0;25331,0;29562,0;
0600000;"LUBELSKIE";155034,5;163490,6;169344,2;178352,4;156895,8;234061,2;264550,5;307271,3;375749,4;391325,7;408162,2;459101,0;382097,5;462302,9;491477,8;
0601000;"Powiat bialski";0,0;0,0;0,0;0,0;0,0;597,0;1142,0;910,8;2035,7;4720,9;6230,2;6815,3;10981,8;4035,0;5384,0;
0602000;"Powiat biłgorajski";2612,6;3455,4;2853,2;2645,9;3574,4;1962,6;3005,4;4511,9;4117,8;7047,9;11478,7;6565,9;5906,2;10528,4;7666,5;
0603000;"Powiat chełmski";273,1;601,0;202,0;687,0;706,4;968,8;914,7;1371,3;1359,9;1479,6;1025,7;2208,7;2139,0;1777,0;3065,5;
0604000;"Powiat hrubieszowski";3006,0;3328,9;2876,6;2986,1;2838,5;3722,4;4219,2;4165,6;3495,4;4180,0;4310,7;4066,7;3463,3;3314,0;3387,0;
0605000;"Powiat janowski";124,2;906,0;561,7;930,5;1491,9;1170,0;789,6;822,2;1134,5;2265,0;851,3;1194,8;2474,7;1308,0;2867,0;
0606000;"Powiat krasnostawski";2506,0;1527,5;1327,0;2311,0;1095,9;2768,0;1278,0;1138,4;1325,1;1627,0;945,5;1273,1;1878,3;1234,0;1875,0;
0607000;"Powiat kraśnicki";2995,7;3944,6;4025,4;3996,8;3565,9;3414,7;5013,2;5624,5;4031,3;3295,0;5019,4;7742,9;5948,8;6019,0;6429,5;
0608000;"Powiat lubartowski";2166,4;3693,9;3560,0;2766,3;2789,6;4291,2;4392,5;4345,5;5002,6;6005,0;6378,5;5489,6;5557,2;5796,0;8073,0;
0609000;"Powiat lubelski";2822,8;9253,8;3649,3;6583,9;5752,3;5465,7;5707,0;7850,8;10327,2;12059,5;9807,7;16610,5;16488,1;20314,1;19131,0;
0610000;"Powiat łęczyński";2761,6;3947,4;1642,1;2976,5;3085,4;1942,4;4967,1;3707,8;3948,7;5239,0;3475,7;5686,9;6200,9;4478,0;9722,0;
0611000;"Powiat łukowski";1544,2;2518,9;2741,2;2377,8;2684,9;2584,3;2672,8;3740,1;4130,4;5248,6;4014,1;7589,4;9413,4;11410,0;14632,0;
0612000;"Powiat opolski";3013,6;1898,6;2690,9;2237,0;2083,2;2838,5;2612,2;3218,0;3414,2;2821,1;2323,7;3042,4;3115,9;2277,0;3581,0;
0613000;"Powiat parczewski";0,0;369,3;1852,3;598,4;767,5;2569,8;1258,1;4082,8;2112,5;958,2;4395,5;1423,7;3256,0;2585,0;3514,0;
0614000;"Powiat puławski";7316,4;8683,1;10078,7;10332,2;11181,2;13907,8;14760,3;17970,5;12018,2;21517,6;21865,9;20683,3;17148,8;12937,0;22338,0;
0615000;"Powiat radzyński";0,0;662,0;1439,0;1546,0;2122,0;5339,0;4091,8;3905,4;5794,8;5169,8;2261,8;3227,6;8459,4;1848,0;2666,0;
0616000;"Powiat rycki";3995,8;6798,2;2463,1;2959,9;3253,9;3185,6;3782,1;4130,8;4188,9;3551,2;3588,4;6432,6;4776,8;3268,0;4777,0;
0617000;"Powiat świdnicki";2392,4;3535,8;4440,5;1251,5;3194,3;3113,0;4329,4;6794,1;6795,6;12233,0;11369,8;14895,4;14497,3;22461,0;15979,0;
0618000;"Powiat tomaszowski";4450,1;2908,9;3817,7;2418,4;2790,2;3895,7;3178,1;3939,1;4001,8;4428,5;4386,2;3581,4;6128,2;3873,0;3786,0;
0619000;"Powiat włodawski";4332,0;2081,0;2108,0;2390,0;4743,0;3126,0;2556,0;3456,0;6080,0;3686,0;4336,0;3279,8;3291,4;3555,3;4784,0;
0620000;"Powiat zamojski";569,5;949,2;721,3;650,2;555,9;806,8;891,5;1064,1;1083,9;650,3;841,2;1084,9;890,8;1064,0;1053,0;
0661000;"Powiat m. Biała Podlaska";4990,9;4203,3;3751,3;4643,9;5349,4;5850,5;8614,0;9168,2;11001,4;14524,8;25893,5;24747,0;21505,9;17540,0;13797,0;
0662000;"Powiat m. Chełm";4368,2;10121,0;8793,0;9449,0;6365,6;11160,0;11741,0;14392,0;12395,8;19943,1;18801,2;23980,1;14532,1;16823,1;18200,3;
0663000;"Powiat m. Lublin";89833,5;71799,5;95452,4;97560,5;73205,7;132896,3;159613,5;181555,5;248160,7;231786,3;240624,1;270073,0;200960,2;283111,0;287833,0;
0664000;"Powiat m. Zamość";8874,0;16303,3;8297,5;14053,6;13698,7;16485,1;13021,0;15405,9;17793,0;16888,3;13937,4;17406,0;13083,0;20747,0;26937,0;
0800000;"LUBUSKIE";181949,6;198254,3;211466,7;210692,9;195786,2;205592,6;256419,6;273282,4;358782,6;343924,1;333262,7;367625,5;326108,0;320930,0;369293,6;
0801000;"Powiat gorzowski";12514,9;8853,9;10856,6;11189,0;10751,2;9774,0;15028,9;16555,0;19660,6;25471,9;11083,5;14922,4;16260,1;13882,0;13425,0;
0802000;"Powiat krośnieński";9643,0;9107,2;7475,9;8284,6;9642,8;5688,3;9922,0;7183,1;14413,0;12253,7;11357,3;10371,4;8009,1;7106,0;8105,0;
0803000;"Powiat międzyrzecki";1237,4;8943,5;11986,3;9279,6;10067,1;10139,7;11825,0;10809,3;12972,8;10774,0;16663,6;16486,6;11998,8;10795,0;13388,0;
0804000;"Powiat nowosolski";7517,0;10013,5;11399,0;10510,0;10613,0;11163,0;10921,0;12132,7;16428,6;18873,3;22539,8;27323,9;21369,5;23082,0;25257,3;
0805000;"Powiat słubicki";5898,0;8526,7;8447,2;10071,8;12854,2;14140,8;15652,8;15588,1;13944,0;18865,8;14295,0;16752,4;18810,5;13704,0;24561,0;
0806000;"Powiat strzelecko-drezdenecki";7331,7;5678,0;6906,5;8433,5;8222,3;7015,1;8412,5;9575,5;6914,1;6438,2;9258,5;11247,2;11622,0;6903,0;8975,0;
0807000;"Powiat sulęciński";5686,6;3695,8;4176,0;4120,2;3017,7;5099,3;6416,4;5394,6;6838,7;6368,7;3067,3;7288,6;4982,1;10534,0;6854,0;
0808000;"Powiat świebodziński";7343,9;7598,5;9904,7;10945,7;10771,5;11896,6;14595,6;15391,5;14483,0;18873,2;12292,0;21885,9;17363,6;14142,0;17389,0;
0809000;"Powiat zielonogórski";11375,4;12374,4;9534,3;10347,1;7493,0;7602,4;9891,4;8950,6;14237,0;13429,9;17235,3;14151,9;12484,3;13426,0;18296,0;
0810000;"Powiat żagański";13896,6;11771,6;12965,2;11022,6;9974,8;4705,3;13812,4;17194,1;17292,0;21421,2;17420,3;21696,2;17324,0;17284,0;17027,0;
0811000;"Powiat żarski";9074,8;10817,8;12943,8;20518,0;16197,3;19963,7;21075,7;27574,7;23890,6;22172,2;23796,1;25597,6;22336,0;25614,0;24368,0;
0812000;"Powiat wschowski";3023,0;1659,0;2512,9;2374,4;2444,9;2464,2;2821,8;3088,0;4626,4;4360,2;5887,1;6454,1;7399,7;5924,0;6484,0;
0861000;"Powiat m. Gorzów Wielkopolski";52443,3;57965,2;57671,7;54566,1;52363,8;55517,3;66606,9;62490,0;90871,8;69435,7;60570,0;73350,3;65055,1;60994,0;84833,5;
0862000;"Powiat m. Zielona Góra";34964,0;41249,2;44686,6;39030,3;31372,6;40422,9;49437,2;61355,2;102210,0;95186,1;107796,9;100097,0;91093,2;97540,0;100330,8;
1000000;"ŁÓDZKIE";199049,1;222971,4;229052,5;358290,4;328550,6;372571,7;396273,3;418962,7;529708,9;557713,5;562315,9;677240,5;547255,1;630347,7;698250,0;
1001000;"Powiat bełchatowski";13459,3;12833,4;14092,5;11530,7;15611,2;17159,6;16028,6;17702,5;18762,7;17534,1;15445,4;22617,6;19702,2;17494,0;20998,0;
1002000;"Powiat kutnowski";2305,4;6334,1;2232,4;6889,8;5259,5;885,4;3154,6;7919,8;12832,1;10563,7;10247,3;18042,8;14624,3;19635,9;15663,0;
1003000;"Powiat łaski";1887,0;2360,9;5088,6;2753,0;2256,2;2983,0;3035,0;2929,6;3445,7;5795,2;2561,0;3498,7;2665,3;3324,0;2975,0;
1004000;"Powiat łęczycki";1275,9;2399,3;1568,6;1803,9;1232,3;1594,6;2300,7;1754,9;2662,8;2978,8;2137,1;2659,9;2606,8;3023,0;4164,0;
1005000;"Powiat łowicki";3310,4;2474,8;2265,3;3662,4;2912,5;3513,3;4313,4;4624,6;4820,8;4083,0;2758,7;3499,7;3268,5;4669,0;3848,0;
1006000;"Powiat łódzki wschodni";1886,9;2561,8;1049,3;1707,2;2017,3;1988,2;952,3;2259,3;1683,6;3678,3;3033,6;5297,3;4332,4;4490,2;6788,0;
1007000;"Powiat opoczyński";2350,0;2779,0;2315,0;3142,0;2305,0;2420,0;2133,9;3332,9;3886,1;3838,9;2984,9;5042,2;7026,9;4140,0;5458,0;
1008000;"Powiat pabianicki";971,0;2816,3;10827,6;9922,8;9427,6;10170,8;12979,9;14036,6;14574,8;15241,4;21369,9;24832,0;20213,8;30545,5;24531,0;
1009000;"Powiat pajęczański";274,1;235,3;2911,0;1008,1;722,1;1163,9;311,1;216,0;493,8;768,1;409,6;881,6;3077,9;477,0;578,0;
1010000;"Powiat piotrkowski";385,0;205,0;241,0;357,0;481,3;414,0;590,8;1105,2;1363,8;651,9;1578,1;1727,9;2153,1;1428,0;1609,0;
1011000;"Powiat poddębicki";1978,9;935,4;911,3;3060,4;2061,8;4490,7;1596,9;4349,4;2719,4;1763,6;1550,8;4955,9;1789,1;2755,0;1901,0;
1012000;"Powiat radomszczański";1279,4;1718,7;2472,2;2478,9;2821,5;3121,4;3866,4;6535,2;7653,2;5953,1;5009,7;8174,0;10340,7;8515,0;14834,0;
1013000;"Powiat rawski";2351,6;1324,3;1547,4;1323,2;1526,3;2368,8;3601,1;2618,9;1739,6;3006,1;1884,5;3225,5;6812,2;2399,0;7675,0;
1014000;"Powiat sieradzki";10526,8;8667,7;9475,0;8380,4;7613,7;7689,5;8131,7;9224,0;8828,5;12718,9;7640,9;14674,5;7724,3;12006,3;9587,1;
1015000;"Powiat skierniewicki";196,6;0,0;0,0;0,0;0,0;411,0;0,0;285,1;0,0;543,2;232,2;139,2;0,0;382,0;210,0;
1016000;"Powiat tomaszowski";9830,1;10957,2;6499,3;6381,0;6578,4;9654,0;11543,9;13026,9;13059,3;13667,4;14218,1;20224,1;15549,4;15704,0;18870,0;
1017000;"Powiat wieluński";1818,1;1744,4;1854,0;2153,4;2330,1;1530,2;1699,7;1524,4;5514,2;4847,1;6826,1;2578,0;4474,4;5694,0;5877,0;
1018000;"Powiat wieruszowski";1676,9;297,8;296,1;931,9;1268,1;3155,6;3802,4;1563,9;5444,7;3280,4;3152,5;5138,8;3555,7;4335,8;2560,8;
1019000;"Powiat zduńskowolski";5016,6;3743,6;5591,3;4345,5;4933,4;4275,2;3767,2;7916,3;6600,2;9462,0;6033,1;6443,0;7796,9;10150,0;7823,0;
1020000;"Powiat zgierski";15125,2;10984,8;11335,6;18059,4;15753,2;16987,4;16517,6;21895,7;19824,0;21119,6;24678,0;24933,2;18413,2;22626,3;26189,9;
1021000;"Powiat brzeziński";1423,7;2187,7;1960,2;1166,6;1653,2;1813,8;3518,4;1684,6;2563,8;3301,7;3314,7;3228,5;2370,9;2669,9;4230,4;
1061000;"Powiat m. Łódź";106724,8;126910,4;125062,7;250094,2;220730,1;251622,3;272532,5;270172,6;367576,7;377399,1;398057,6;458502,0;348920,1;417746,8;468817,8;
1062000;"Powiat m. Piotrków Trybunalski";9643,2;8249,6;10352,0;7698,7;10827,7;12941,4;11544,2;13565,3;10562,7;19802,9;18054,9;23736,2;24318,1;24661,0;29202,0;
1063000;"Powiat m. Skierniewice";3352,2;10149,6;9104,1;9278,0;8228,1;10217,6;8271,9;8719,0;12931,4;15715,0;9137,2;13187,9;15453,6;11476,0;13860,0;
1200000;"MAŁOPOLSKIE";562784,4;485136,7;486428,1;628764,3;694434,5;708086,4;734684,0;717952,5;803151,3;918782,0;876127,9;1160908,1;1146134,0;1208748,6;1168004,0;
1201000;"Powiat bocheński";6464,2;5468,7;4165,2;5195,2;6329,9;7215,6;5144,4;7160,8;4122,3;5910,1;9680,5;8497,4;16684,8;10777,0;10261,0;
1202000;"Powiat brzeski";1312,8;582,5;797,2;624,7;1179,1;2093,8;1680,5;2717,4;3556,9;2366,5;2216,9;1813,1;3354,4;7644,0;6510,0;
1203000;"Powiat chrzanowski";1312,2;2831,4;4550,7;7090,2;10548,8;10234,9;14106,8;15032,8;17352,5;13520,2;12742,2;20670,8;18426,1;15041,0;29852,1;
1204000;"Powiat dąbrowski";240,5;287,3;386,2;733,7;328,6;416,5;1314,5;850,8;684,5;971,2;1384,5;2511,1;6702,8;4695,0;3093,0;
1205000;"Powiat gorlicki";3806,9;4354,2;2824,0;3718,7;3088,7;3420,2;2959,4;3180,8;2993,5;5157,7;3252,7;2745,0;5574,4;5579,9;8073,5;
1206000;"Powiat krakowski";17293,5;10077,8;8201,1;10259,3;9886,5;14046,1;20180,5;19767,2;27546,5;46960,2;62923,0;66267,8;54283,8;51105,0;64698,0;
1207000;"Powiat limanowski";1566,3;2541,1;2548,3;1478,4;2162,5;2361,3;2109,5;1792,9;2523,2;2480,4;2347,4;4101,8;3768,7;3559,0;4431,0;
1208000;"Powiat miechowski";811,8;728,9;413,0;2102,6;711,3;1503,3;874,9;1244,3;1134,1;853,5;1019,1;2110,8;1304,0;3163,0;4869,0;
1209000;"Powiat myślenicki";1631,1;803,6;1475,4;2828,6;2605,0;2524,6;4975,7;7790,7;6156,3;3350,6;7357,5;5895,6;7690,8;10178,0;6346,0;
1210000;"Powiat nowosądecki";10355,8;7856,8;8178,1;9404,7;8852,2;9379,0;8189,4;6588,2;8425,9;7985,2;6802,6;11293,2;11438,9;17975,0;13336,0;
1211000;"Powiat nowotarski";4025,0;3402,0;3251,1;5633,2;3550,2;4420,6;5349,2;6373,7;12982,8;12636,6;12332,3;11962,1;8153,2;14897,0;15395,0;
1212000;"Powiat olkuski";7001,0;6204,4;8244,5;7421,3;9097,7;9611,0;8092,2;7022,3;7888,3;8191,5;7351,2;14870,3;11580,3;16762,0;18600,0;
1213000;"Powiat oświęcimski";5954,1;7630,8;8178,5;9558,4;12174,1;13809,3;15369,2;17478,0;21898,5;20546,8;22444,6;21158,6;30225,1;24771,0;31296,0;
1214000;"Powiat proszowicki";691,0;157,6;201,1;383,4;712,2;722,5;761,8;1357,1;720,2;512,0;658,6;708,6;3190,3;754,8;2601,6;
1215000;"Powiat suski";2154,0;499,0;1173,0;3958,0;1140,0;2216,0;1072,4;1844,8;1479,4;1373,5;1459,4;1140,2;1067,6;1486,0;2194,0;
1216000;"Powiat tarnowski";0,0;0,0;0,0;0,0;0,0;0,0;0,0;336,5;167,1;547,9;1624,4;3025,4;2204,6;5910,0;6614,0;
1217000;"Powiat tatrzański";10987,0;4677,0;2403,5;1878,0;780,2;4643,1;6046,3;7795,6;14866,7;16498,7;14730,6;25956,9;12578,8;19407,0;12425,1;
1218000;"Powiat wadowicki";5960,0;5285,0;4849,0;7509,0;5955,0;5953,0;7740,0;6944,0;7361,4;9494,8;12167,4;11402,9;9320,9;15017,0;13828,5;
1219000;"Powiat wielicki";10966,4;13869,3;13243,1;14918,3;23977,7;18397,4;23343,4;34563,3;33745,2;38477,4;44125,7;68438,8;63441,2;71592,0;65452,4;
1261000;"Powiat m. Kraków";447038,3;385446,4;381282,6;506541,1;561032,0;565853,0;566098,4;530693,5;581920,6;671224,9;598411,2;814785,8;826776,8;855742,9;789750,8;
1262000;"Powiat m. Nowy Sącz";12700,5;9627,3;14865,5;12264,5;16128,8;14809,5;16626,4;14117,7;18386,8;21515,0;23100,2;31676,5;17428,4;23029,0;23716,6;
1263000;"Powiat m. Tarnów";10512,0;12768,0;15197,0;15263,0;14194,0;14292,6;22527,4;23300,1;27238,6;28207,3;27995,9;29875,4;30938,1;29663,0;34660,4;
1400000;"MAZOWIECKIE";1000129,2;961549,1;992867,1;1177338,3;1220896,2;1701394,6;1903475,0;1922125,0;1977515,9;2139763,7;2240816,8;2386145,5;2316018,2;2546477,4;2619669,8;
1401000;"Powiat białobrzeski";0,0;0,0;0,0;372,0;393,0;611,0;872,7;1312,3;857,5;912,6;2703,2;891,1;1511,7;305,0;1139,0;
1402000;"Powiat ciechanowski";9018,3;8375,5;6078,5;9664,0;12903,3;13096,7;9945,6;14376,7;14267,3;21528,8;27754,7;19482,6;21844,1;27090,0;27189,0;
1403000;"Powiat garwoliński";171,0;237,0;438,0;460,0;278,0;202,0;1545,0;526,0;676,0;5897,6;12308,8;10313,6;11405,9;20468,0;9320,2;
1404000;"Powiat gostyniński";1690,0;1571,0;1759,0;1611,0;1426,0;2088,6;2633,2;4765,7;4294,9;4274,4;3187,9;3137,4;2263,6;4928,0;2787,0;
1405000;"Powiat grodziski";0,0;0,0;0,0;1145,0;3072,0;7737,0;13011,0;14990,4;17352,2;29484,5;67665,5;80571,2;72093,3;63063,0;21103,0;
1406000;"Powiat grójecki";0,0;0,0;0,0;0,0;539,0;855,5;7124,3;6959,9;14828,9;9370,0;17562,6;19709,1;30736,7;20114,0;27714,0;
1407000;"Powiat kozienicki";4134,0;4050,0;6289,8;3098,1;3600,6;4698,7;3110,9;3567,0;5849,1;5259,9;5213,4;4740,5;4016,5;4897,0;5082,0;
1408000;"Powiat legionowski";23122,0;17443,5;12715,1;13558,4;14164,5;15465,7;21852,0;31109,6;45213,0;55351,1;51148,0;78011,6;57766,1;76909,0;87011,0;
1409000;"Powiat lipski";0,0;148,0;0,0;0,0;0,0;0,0;0,0;241,4;784,0;413,4;902,5;798,6;1942,5;2139,0;1150,0;
1410000;"Powiat łosicki";0,0;0,0;381,7;2105,3;327,4;2222,6;1802,3;309,3;570,3;4264,7;858,7;662,0;1920,0;3629,0;2628,0;
1411000;"Powiat makowski";0,0;0,0;0,0;0,0;0,0;0,0;0,0;568,1;1707,9;2951,9;2444,3;2349,2;1645,3;4783,0;1583,0;
1412000;"Powiat miński";23038,4;18102,9;20646,8;24445,6;26458,8;22877,6;22648,6;26989,6;43879,0;29138,5;28927,9;47261,7;34563,2;77160,1;50560,8;
1413000;"Powiat mławski";9013,0;11472,0;7026,0;11645,0;10455,0;11962,0;10998,0;14125,4;13285,5;19403,8;17736,4;34492,8;17231,8;23206,0;18386,0;
1414000;"Powiat nowodworski";8141,5;10141,0;11294,7;14737,2;13488,2;21487,0;16312,9;19143,6;16614,7;24925,4;35609,4;34420,4;26528,1;24270,0;19947,0;
1415000;"Powiat ostrołęcki";0,0;0,0;256,0;205,0;0,0;156,0;0,0;0,0;0,0;0,0;0,0;473,0;1082,8;1092,0;1398,0;
1416000;"Powiat ostrowski";0,0;0,0;882,0;1235,0;1162,0;3086,0;1965,0;1496,0;2509,4;3903,9;3455,2;4994,2;6249,8;2609,0;2349,0;
1417000;"Powiat otwocki";9337,1;12248,0;9945,0;10342,0;11453,2;9344,2;11908,6;16642,8;14294,8;19634,4;20642,5;28764,8;22641,7;29153,0;37408,0;
1418000;"Powiat piaseczyński";204350,2;101736,2;85923,8;85589,8;54971,5;48374,7;54081,6;34630,9;28635,9;95849,5;212263,6;188644,7;125009,1;208293,6;199647,9;
1419000;"Powiat płocki";0,0;0,0;0,0;1782,0;1615,0;1796,3;2661,7;1875,8;3484,1;3029,6;4264,2;4944,1;3628,1;4131,0;4830,0;
1420000;"Powiat płoński";4955,2;7189,3;6339,3;5988,0;5982,0;7087,2;7198,7;6349,8;6740,6;5558,9;7732,2;8566,3;4470,4;11869,6;22818,0;
1421000;"Powiat pruszkowski";27686,2;23839,9;34897,6;33365,7;42942,3;41682,2;55883,1;85590,9;54665,6;46990,4;69359,7;92487,4;103497,2;142813,0;147188,1;
1422000;"Powiat przasnyski";2306,6;7692,2;3068,4;4422,1;3405,6;4729,6;2868,3;7078,4;3463,0;8187,0;7452,0;6700,4;13708,5;10104,0;8917,0;
1423000;"Powiat przysuski";263,0;467,0;367,0;300,0;380,0;427,0;774,1;806,2;1006,5;865,4;572,8;948,8;592,6;631,1;3401,0;
1424000;"Powiat pułtuski";7478,5;5389,8;4860,0;5521,5;3737,3;5436,2;7144,5;6032,1;6296,9;9582,6;4752,4;11182,5;6844,2;10049,0;13254,3;
1425000;"Powiat radomski";1202,0;687,0;1355,0;1379,0;1662,7;2586,3;2365,0;5012,9;4496,4;3771,9;2714,3;4529,9;1465,5;3141,0;3479,0;
1426000;"Powiat siedlecki";204,1;174,8;656,6;1069,9;405,0;479,9;697,2;1247,6;1517,0;1176,1;1862,3;1048,8;529,6;2512,0;1277,0;
1427000;"Powiat sierpecki";2624,0;749,0;1255,0;2814,0;1299,5;2693,7;2412,8;5595,6;10371,4;3813,8;5172,9;4012,6;7693,6;5553,0;3635,0;
1428000;"Powiat sochaczewski";180,0;191,0;2825,0;3421,0;9054,0;5352,0;6433,9;7535,4;7856,3;7985,3;4896,5;11737,1;10311,8;14229,0;14866,0;
1429000;"Powiat sokołowski";0,0;1813,0;1602,0;2091,0;4685,0;5683,5;3977,6;8412,8;4006,9;11743,4;4407,4;9730,6;9198,9;4582,0;4818,0;
1430000;"Powiat szydłowiecki";631,0;1335,0;1009,0;856,0;1354,1;856,0;1030,2;2909,6;2045,3;1273,7;1320,8;1266,6;3456,9;2831,0;1350,0;
1432000;"Powiat warszawski zachodni";9857,0;15852,2;22034,5;26508,3;29568,7;35857,1;18643,3;38487,9;64894,8;74071,3;61424,5;71796,9;92839,9;83188,0;90952,0;
1433000;"Powiat węgrowski";501,0;481,0;1341,0;1653,0;1248,0;1437,0;1210,0;3780,0;537,0;1469,6;2133,5;2267,8;4002,3;7761,0;3874,0;
1434000;"Powiat wołomiński";22317,8;18664,3;32374,0;53348,8;38100,8;74701,7;106332,4;101476,9;87723,8;117475,6;137576,3;142591,4;106992,7;113739,0;143118,0;
1435000;"Powiat wyszkowski";3609,0;2615,0;1029,0;2556,0;2512,0;2734,0;7060,8;6484,1;5228,6;11315,2;4892,4;15115,5;20859,9;9021,0;21281,0;
1436000;"Powiat zwoleński";0,0;256,3;197,7;472,3;329,7;327,4;155,7;653,9;784,1;698,2;599,3;2092,1;583,7;511,0;3400,0;
1437000;"Powiat żuromiński";2630,2;2852,0;1805,6;691,1;4421,9;1515,0;4516,2;3049,8;1850,9;2297,5;6463,9;2296,5;1436,9;12169,0;2019,0;
1438000;"Powiat żyrardowski";5699,0;6079,0;5692,0;4673,0;10691,3;7240,5;8710,0;14422,2;10512,6;17832,1;18706,3;20021,3;23394,0;7124,0;10612,0;
1461000;"Powiat m. Ostrołęka";6958,9;4659,8;3842,5;11780,8;8703,1;7006,3;12870,9;12024,0;8901,8;19271,9;18730,9;12244,7;10268,0;25484,0;24945,0;
1462000;"Powiat m. Płock";9301,0;13245,0;31848,0;24620,0;28236,0;30176,0;29395,4;40634,9;43964,6;51041,2;48479,8;53254,5;42390,6;54292,0;58250,0;
1463000;"Powiat m. Radom";7904,7;17646,6;22707,7;22104,9;23532,9;21535,3;28736,6;47644,4;52325,2;54654,3;54185,2;60385,6;59353,8;76988,0;74787,5;
1464000;"Powiat m. Siedlce";27504,3;28250,2;29967,6;28639,4;23834,3;34714,3;37142,6;35387,1;51580,4;41971,9;42133,1;54515,7;44843,9;32108,0;49010,0;
1465000;"Powiat m. st. Warszawa";564061,6;615894,6;618087,2;757067,1;818502,5;1241074,8;1375351,3;1287772,0;1317641,7;1311122,4;1220509,9;1232689,9;1303203,0;1317538,0;1391185,0;
1600000;"OPOLSKIE";126573,2;114732,5;132617,9;141015,0;135473,4;139520,7;158175,8;179185,0;204587,8;212008,3;235722,5;247661,5;243555,1;231743,6;236330,7;
1601000;"Powiat brzeski";10870,0;9590,0;13136,1;14203,3;17068,1;17126,9;18690,3;25274,1;27290,2;28149,9;27757,4;31229,2;30227,9;29511,0;31854,0;
1602000;"Powiat głubczycki";3687,3;4162,2;4607,3;5666,0;5411,0;5093,8;5196,1;7231,0;6733,0;5873,3;17004,0;8091,8;6511,5;9269,0;6785,0;
1603000;"Powiat kędzierzyńsko-kozielski";12956,7;13010,7;25966,1;23825,6;13784,3;13068,5;17571,0;14047,1;16608,1;16180,9;15005,9;18721,3;14222,0;15468,0;18690,5;
1604000;"Powiat kluczborski";7564,0;7836,4;6555,6;7947,7;8847,5;10385,1;9173,3;12389,6;11717,3;14031,8;12593,2;16799,4;9876,9;11375,0;12365,0;
1605000;"Powiat krapkowicki";6789,0;5895,2;6108,9;6547,4;6811,4;6442,6;5938,0;5754,5;6396,4;4072,1;6314,9;7627,9;15938,1;12892,0;6997,0;
1606000;"Powiat namysłowski";4632,0;4680,8;4929,6;5166,8;7893,9;8779,1;10713,6;8954,0;12259,1;10876,0;10598,3;9184,5;10204,3;9397,0;8716,0;
1607000;"Powiat nyski";15792,9;16051,5;13315,2;15276,7;12076,2;15967,8;22034,7;24855,4;24667,5;27539,9;28074,3;37053,0;34540,6;34620,0;34270,6;
1608000;"Powiat oleski";793,0;1354,4;1232,9;2552,5;1696,0;2423,5;2720,9;1946,4;2247,9;2515,8;2231,1;3843,4;3841,9;3077,6;2573,9;
1609000;"Powiat opolski";5966,0;5744,4;7342,5;6746,1;4096,3;4689,8;6483,1;8206,5;9853,9;11050,1;6921,0;13410,4;11523,4;14109,0;19266,7;
1610000;"Powiat prudnicki";3515,0;3232,9;4779,1;4993,0;4629,8;4391,2;5535,2;6837,5;7085,9;8540,4;9383,6;9871,4;7739,3;8331,0;7649,0;
1611000;"Powiat strzelecki";4591,4;4471,1;4256,1;5242,2;5214,4;5425,1;5239,5;6750,4;7150,6;7326,5;4581,4;5550,6;4025,4;8889,0;7101,0;
1661000;"Powiat m. Opole";49415,9;38702,9;40388,5;42847,7;47944,5;45727,3;48880,1;56938,5;72577,9;75851,6;95257,4;86278,6;94903,8;74805,0;80062,0;
1800000;"PODKARPACKIE";75777,7;88027,7;131087,0;141617,7;136533,3;187328,1;144137,1;174270,9;263262,7;360109,6;328727,8;408252,4;371071,0;335655,7;367192,3;
1801000;"Powiat bieszczadzki";2064,7;2191,1;1146,8;1684,4;3009,5;2021,0;1715,8;3849,7;3163,7;3012,2;2466,7;6123,3;1986,2;4721,5;2260,2;
1802000;"Powiat brzozowski";980,7;1106,3;651,5;576,9;1585,1;1288,7;883,7;1131,2;1394,0;2492,6;1427,3;2706,2;1684,3;2925,6;2390,9;
1803000;"Powiat dębicki";3511,3;3824,1;6179,9;5007,6;6157,8;6182,7;4454,5;7206,7;6717,5;8948,5;8256,0;23195,3;15757,5;15542,0;14937,0;
1804000;"Powiat jarosławski";4874,3;5356,0;8844,5;6025,5;8462,9;7374,1;7696,3;13450,6;11513,4;11457,8;11248,8;15803,1;12801,4;10544,5;15023,7;
1805000;"Powiat jasielski";1838,9;3732,3;3142,6;3448,4;2734,7;3705,4;4090,1;4076,8;3684,0;4833,3;3482,4;4333,2;6875,6;4396,0;6851,0;
1806000;"Powiat kolbuszowski";125,9;416,4;305,0;215,9;0,0;196,9;543,3;808,7;3235,7;1801,2;1035,6;1194,2;3143,4;1396,0;0,0;
1807000;"Powiat krośnieński";701,7;787,0;2222,6;885,9;1127,0;1392,6;955,5;2309,6;1101,9;1438,2;1704,9;1103,8;830,5;3970,1;2576,0;
1808000;"Powiat leżajski";1329,0;1941,0;1206,0;1446,0;1789,0;1886,0;2169,8;2635,3;2681,9;3363,2;1786,6;3797,8;3076,8;3055,0;2859,0;
1809000;"Powiat lubaczowski";2087,6;832,1;1521,8;910,4;733,7;1605,6;2068,9;1785,1;1761,4;1952,0;2019,5;2701,9;1605,1;1362,0;2195,0;
1810000;"Powiat łańcucki";2205,0;2544,8;2877,0;2870,3;1219,0;1673,2;1309,1;6027,2;2820,1;5168,5;2813,4;9060,0;10298,1;17756,0;0,0;
1811000;"Powiat mielecki";4035,1;3578,9;4266,9;5420,9;3501,9;6547,2;8745,3;9935,6;9220,7;10007,3;13023,2;17488,6;19253,3;20408,0;24229,0;
1812000;"Powiat niżański";378,0;460,0;542,0;1435,0;477,9;1122,3;945,4;1713,1;1455,4;1001,7;1137,6;1629,1;1203,2;1363,0;1082,0;
1813000;"Powiat przemyski";2595,3;1517,9;1103,3;1542,3;1787,7;1969,2;2041,7;1624,6;2419,3;3094,0;2747,9;3866,3;2055,2;2519,0;2414,0;
1814000;"Powiat przeworski";1701,3;1038,4;1145,4;1913,3;1188,4;1340,1;2037,1;1447,2;2230,6;2373,0;1743,3;2547,8;1885,0;6114,0;2881,0;
1815000;"Powiat ropczycko-sędziszowski";405,3;1365,7;1770,6;1102,1;1875,9;2713,2;3014,8;3180,4;3132,7;3441,9;4740,7;4741,6;2980,7;3697,0;3639,0;
1816000;"Powiat rzeszowski";6726,0;4401,5;4468,0;5244,0;5818,8;4769,4;7154,3;7886,8;15395,5;18894,2;16796,7;13687,8;25068,5;15079,0;24906,0;
1817000;"Powiat sanocki";1674,9;3780,8;3541,2;2279,6;3050,9;2501,3;2565,6;5105,6;5525,3;7863,7;3323,0;5038,3;8010,2;6860,0;4504,0;
1818000;"Powiat stalowowolski";9268,7;11800,8;10235,9;9667,8;9182,4;12592,4;14703,6;19768,0;14316,9;15041,6;9425,7;15049,3;15140,6;16801,0;13727,0;
1819000;"Powiat strzyżowski";932,0;2144,0;1047,3;1381,2;1515,5;1465,2;1179,2;895,3;2683,2;726,3;861,6;2166,8;1590,5;2989,0;3107,0;
1820000;"Powiat tarnobrzeski";883,0;1216,0;1393,0;1909,9;1912,2;2856,7;2093,6;2293,2;3588,2;4567,9;3827,5;3432,3;3495,0;2766,0;3480,0;
1821000;"Powiat leski";2435,0;1544,1;2289,9;1420,8;1726,2;1248,5;1121,4;1098,2;861,0;2036,2;2557,0;1220,6;1511,3;2241,0;5106,0;
1861000;"Powiat m. Krosno";3960,2;5585,2;6542,8;6254,3;5987,9;6869,4;5367,4;4810,7;5565,6;11247,8;8066,5;7543,7;13284,1;7931,0;12206,0;
1862000;"Powiat m. Przemyśl";11720,6;8370,7;8954,5;13597,9;9530,3;10622,0;11730,3;11040,5;17400,1;20122,4;23283,8;21678,4;24753,6;23074,0;20455,0;
1863000;"Powiat m. Rzeszów";6470,0;16437,0;54061,0;63272,0;60505,0;97700,0;53274,0;56292,1;134664,2;208703,7;196111,7;230816,7;183873,3;150785,0;189556,5;
1864000;"Powiat m. Tarnobrzeg";2873,2;2055,6;1627,5;2105,3;1596,5;5685,0;2276,4;3898,7;6730,4;6520,4;4840,4;7326,3;8907,6;7360,0;5202,0;
2000000;"PODLASKIE";132953,3;154810,0;153704,4;163322,3;186360,6;181891,6;210957,8;239932,2;262027,9;293568,8;288937,8;375563,2;329467,2;328418,6;359061,6;
2001000;"Powiat augustowski";6198,3;3955,6;3227,3;5323,5;3697,3;6686,1;4837,4;3740,8;4893,6;10516,4;4475,6;7851,5;11646,3;8637,0;12472,0;
2002000;"Powiat białostocki";7316,2;10103,6;4862,4;7530,1;10593,5;10451,5;13931,9;11785,4;20463,8;18064,4;21655,9;33179,9;34510,5;23785,0;33269,0;
2003000;"Powiat bielski";0,0;0,0;0,0;0,0;0,0;0,0;0,0;0,0;3206,8;3072,9;2604,0;2099,8;4498,6;2595,0;4071,0;
2004000;"Powiat grajewski";1772,7;1754,8;1688,5;3036,3;2853,7;2832,0;5551,7;3203,9;8590,5;6906,1;7780,6;5413,2;2774,0;5570,0;7881,0;
2005000;"Powiat hajnowski";0,0;0,0;0,0;0,0;0,0;2108,4;1831,3;2634,6;2621,7;3531,4;3087,5;3031,9;1728,3;4352,0;2039,0;
2006000;"Powiat kolneński";1060,9;827,6;1210,3;1615,7;1317,5;1112,7;2304,3;1723,1;3087,9;7552,0;2756,0;2777,7;3428,0;0,0;5155,8;
2007000;"Powiat łomżyński";370,7;233,1;380,9;592,7;435,3;0,0;157,4;211,6;508,3;518,8;1886,2;1160,6;552,6;2833,0;855,0;
2008000;"Powiat moniecki";255,5;448,2;610,2;390,1;172,5;661,4;994,6;1257,0;955,2;2833,0;6189,5;954,5;977,0;562,1;1896,8;
2009000;"Powiat sejneński";861,0;936,0;1143,0;512,0;358,0;644,0;1662,0;1298,5;472,1;1943,2;521,0;792,4;1739,1;0,0;1824,0;
2010000;"Powiat siemiatycki";0,0;0,0;0,0;0,0;215,0;279,1;1003,5;227,2;2714,7;1462,5;587,0;4699,0;2676,8;4843,6;1619,4;
2011000;"Powiat sokólski";1700,4;1597,4;1386,2;1229,1;1352,7;3070,8;1940,6;3237,8;1714,3;2075,2;2284,9;2542,9;2219,1;3499,0;2554,0;
2012000;"Powiat suwalski";806,9;176,6;434,3;464,2;973,6;1071,2;1170,5;899,5;882,6;1201,9;405,3;1345,8;734,4;1097,0;1501,0;
2013000;"Powiat wysokomazowiecki";874,0;2318,0;1144,0;1080,0;1277,0;396,0;1871,0;1477,0;3986,0;2171,0;2143,1;1691,1;6555,6;7275,0;4204,0;
2014000;"Powiat zambrowski";1458,0;2930,8;3746,0;5107,0;6025,0;6176,0;4131,0;4034,0;5019,0;6119,0;5207,0;14081,1;7168,1;8023,0;8678,0;
2061000;"Powiat m. Białystok";80612,1;98722,1;107206,3;108305,7;122371,3;121826,8;142836,3;161938,1;150707,7;180151,7;171883,9;236576,2;195585,8;195474,0;216386,0;
2062000;"Powiat m. Łomża";18642,5;16095,7;16826,2;12301,4;18621,5;12762,0;24105,3;16117,6;24152,7;15778,9;22525,7;24285,8;30921,3;26477,0;33214,6;
2063000;"Powiat m. Suwałki";11024,1;14710,5;9798,0;15754,4;16096,7;11715,8;2629,0;26146,1;28051,0;29670,4;32944,6;33079,8;21751,7;29663,0;21441,0;
2200000;"POMORSKIE";487259,3;615249,8;682027,0;772389,9;738395,9;825193,1;892211,6;1072972,3;1229397,9;1244960,6;1213189,7;1494232,1;1340359,2;1325890,3;1367707,6;
2201000;"Powiat bytowski";6555,2;5744,8;6341,3;6051,9;7138,6;7995,8;12688,2;12219,0;14646,8;13268,8;14197,4;16875,7;14514,0;12385,0;14435,0;
2202000;"Powiat chojnicki";5610,1;7867,1;10167,5;9896,3;11361,3;7835,2;8415,0;15643,8;19769,4;21238,7;21237,0;20368,8;25504,9;15339,0;17654,0;
2203000;"Powiat człuchowski";7245,0;6932,0;6597,0;6286,0;6921,0;8045,0;8269,0;9143,0;8458,0;10225,6;12690,7;17241,7;10089,8;9848,3;2921,0;
2204000;"Powiat gdański";38124,3;50968,7;45585,1;49679,5;43539,3;32047,8;41310,8;48097,1;72959,6;68957,4;61437,2;103308,4;83751,7;108429,0;99204,2;
2205000;"Powiat kartuski";6326,3;7262,2;11655,7;19826,8;16157,2;17911,5;24971,3;35624,9;43577,7;47640,3;38361,1;45330,4;39040,1;50896,0;44387,0;
2206000;"Powiat kościerski";2988,3;2426,2;3450,6;3581,4;5580,4;6390,0;7374,8;7199,6;8601,6;6236,8;12108,4;8134,9;8718,5;10610,0;11558,0;
2207000;"Powiat kwidzyński";8450,3;9719,8;8698,1;7716,2;9068,5;11146,3;12705,5;12361,2;14694,9;14621,8;16373,9;15632,7;14407,1;14924,0;20571,0;
2208000;"Powiat lęborski";10265,9;12590,3;11689,7;15326,6;14132,0;17821,4;21424,0;20410,6;28251,5;26457,3;28003,7;35559,1;29033,1;26860,0;30748,0;
2209000;"Powiat malborski";14525,9;12516,6;11586,2;15546,2;13353,8;13182,2;12348,9;15028,8;21824,9;20069,2;19366,2;22218,8;17946,1;21314,0;24313,0;
2210000;"Powiat nowodworski";5742,7;5048,6;4958,0;3628,6;6483,1;7017,3;6790,4;9831,2;6921,1;8910,3;11860,1;12327,0;15329,4;18555,0;8696,0;
2211000;"Powiat pucki";11262,5;16565,7;16834,6;21658,0;15920,3;29278,0;26544,5;35255,5;47178,3;49932,1;57184,7;66112,8;81415,1;72032,0;79803,0;
2212000;"Powiat słupski";7715,9;7227,0;14526,7;10124,1;12310,0;11933,4;17198,1;16298,9;15544,9;11845,7;18194,4;26331,1;28537,8;18033,6;20658,0;
2213000;"Powiat starogardzki";10069,9;10240,2;9470,2;10879,7;12081,4;10372,8;10900,0;15130,0;19020,6;23260,3;24843,0;30852,1;21380,3;27167,0;29675,0;
2214000;"Powiat tczewski";22627,9;18805,2;29087,7;21994,0;25168,8;27100,0;30051,0;28016,3;38176,9;32967,7;34568,8;41732,4;36251,0;47378,0;32162,0;
2215000;"Powiat wejherowski";70018,0;56507,0;62252,7;60298,0;56334,0;61925,0;66615,0;80521,0;88109,0;111774,0;123203,0;168830,0;155316,0;173117,5;147564,8;
2216000;"Powiat sztumski";2684,9;3103,9;2929,1;2978,4;2813,2;4069,2;3780,6;4254,5;5005,9;4475,6;4613,5;5534,5;4446,4;4143,0;4228,0;
2261000;"Powiat m. Gdańsk";76682,3;208731,3;266944,4;341825,5;301175,5;362149,7;403973,8;461718,0;508849,1;519554,1;444639,9;523440,4;482400,1;475362,1;536100,0;
2262000;"Powiat m. Gdynia";121581,5;122141,1;112565,9;120222,6;123114,3;127302,1;111810,0;172206,4;176787,6;170184,6;178171,2;228552,6;195229,3;135785,0;149035,0;
2263000;"Powiat m. Słupsk";26397,0;24650,0;24187,2;25171,6;29401,6;37025,8;35241,8;44530,5;66142,3;62253,9;64623,3;68776,3;55121,8;63552,0;65508,0;
2264000;"Powiat m. Sopot";32385,4;26202,1;22499,3;19698,5;26341,6;24644,6;29798,9;29482,0;24877,8;21086,4;27512,2;37072,4;21926,7;20159,8;28486,6;
2400000;"ŚLĄSKIE";496717,7;516040,3;544409,7;590763,9;581843,7;635646,1;686789,7;815501,6;896955,0;942514,8;917179,2;1144417,2;1001907,5;1294286,0;1374017,9;
2401000;"Powiat będziński";14652,2;16409,7;18004,7;19165,0;19014,1;18697,6;17832,4;20939,1;27462,9;29116,4;24912,4;32898,8;35524,0;32225,0;33225,0;
2402000;"Powiat bielski";10697,7;7859,1;6876,6;11510,4;9797,1;12049,4;11419,6;11129,1;9776,0;9390,0;12355,7;28344,2;19331,6;24021,0;34051,0;
2403000;"Powiat cieszyński";12795,3;13141,1;17969,5;13778,4;12476,9;19769,5;19423,9;20167,7;15120,5;19769,7;14526,3;10557,4;21478,3;27315,0;18132,0;
2404000;"Powiat częstochowski";1111,0;1172,0;1477,0;2006,0;1179,0;2210,7;3357,3;2832,7;3118,9;3436,2;2321,6;3469,5;3646,3;4626,0;5359,0;
2405000;"Powiat gliwicki";8202,3;8985,2;10614,9;11251,8;11813,2;13495,6;17112,2;18340,0;18732,6;20742,4;17048,2;25384,2;16460,3;20322,0;26842,0;
2406000;"Powiat kłobucki";346,0;982,0;582,0;510,0;781,0;1511,0;879,0;2883,7;1430,3;1223,9;1071,8;1513,1;5453,4;3663,1;297,0;
2407000;"Powiat lubliniecki";0,0;0,0;1696,3;2841,9;2144,5;2718,6;4126,6;4553,6;4430,1;4525,2;2836,9;5823,4;9248,4;5472,7;6059,0;
2408000;"Powiat mikołowski";7634,0;9158,2;8427,4;8539,1;6645,7;8782,2;8360,5;10820,9;11272,5;11985,1;11817,3;18799,0;16055,2;12572,0;14069,0;
2409000;"Powiat myszkowski";1890,0;4266,0;1732,0;2167,0;2162,0;2200,8;2439,9;2455,4;5642,0;3578,7;4900,7;4945,4;3038,3;8320,0;5374,0;
2410000;"Powiat pszczyński";6043,3;8379,0;8039,4;10967,5;8317,6;8602,1;16708,9;16203,3;19884,4;16719,6;13965,7;18246,4;11606,7;0,0;20039,0;
2411000;"Powiat raciborski";10576,5;11172,9;11363,2;9536,6;9851,2;12634,5;11848,7;13004,0;14085,4;14625,1;12666,1;18140,5;15853,1;18535,0;13106,0;
2412000;"Powiat rybnicki";0,0;0,0;0,0;988,1;1050,8;1468,5;3627,6;5180,5;5108,4;4815,1;3643,9;5696,2;4381,5;6652,0;6812,0;
2413000;"Powiat tarnogórski";18767,9;15495,3;19011,0;19384,9;17920,4;13364,2;11604,2;21972,2;18674,2;22129,3;21841,3;26581,4;29670,3;27533,0;28981,0;
2414000;"Powiat bieruńsko-lędziński";3662,6;7911,4;7338,1;6582,8;6102,7;4681,4;4806,9;4576,5;4672,1;4895,6;5117,2;4931,1;3954,9;9998,0;6296,5;
2415000;"Powiat wodzisławski";1054,9;2153,4;3399,6;4406,8;5816,9;9458,2;9895,5;10942,4;10444,1;11228,4;11438,7;12676,6;12824,6;10798,1;2478,0;
2416000;"Powiat zawierciański";3633,0;7105,4;7742,6;7937,8;8141,6;726,6;4762,3;9658,5;10764,2;12245,0;9165,9;9882,4;7390,8;8557,0;2528,0;
2417000;"Powiat żywiecki";5329,9;4002,8;2589,1;1998,2;3019,7;2265,0;4500,7;3076,0;5447,8;6354,4;4835,0;7390,0;8592,1;13368,0;13843,0;
2461000;"Powiat m. Bielsko-Biała";38057,8;41684,9;36644,2;39242,3;45058,1;44603,7;41262,3;52057,2;45723,8;53302,4;49953,4;62072,3;73659,6;76754,0;62562,0;
2462000;"Powiat m. Bytom";40230,9;33544,1;39544,1;37023,9;41686,2;44465,1;46670,9;54845,6;70123,6;80462,6;70836,2;84700,5;66826,4;71306,0;77052,2;
2463000;"Powiat m. Chorzów";12412,8;15725,7;14474,0;17892,3;19558,6;18032,9;21919,1;37345,0;37800,8;37586,9;43116,8;40094,4;44161,4;46885,6;49067,0;
2464000;"Powiat m. Częstochowa";22698,6;22213,6;21714,4;26094,8;23617,4;28709,1;30979,5;34938,5;39473,7;59732,9;65630,6;69363,8;78894,4;79502,0;90730,5;
2465000;"Powiat m. Dąbrowa Górnicza";12211,8;13767,7;11414,8;13844,4;12341,1;17827,2;19720,5;19660,9;15801,1;18110,8;25135,8;37420,2;29291,2;0,0;38302,6;
2466000;"Powiat m. Gliwice";48855,0;46876,0;42009,3;54351,3;57836,2;55991,7;63680,2;69280,7;93007,8;86340,7;90739,9;115750,6;114571,0;105928,0;101373,0;
2467000;"Powiat m. Jastrzębie-Zdrój";2900,1;871,2;973,9;3517,3;5811,3;6949,5;7089,0;7568,4;12934,8;11878,4;11955,3;14347,9;13876,9;0,0;12359,0;
2468000;"Powiat m. Jaworzno";16904,3;18873,2;21846,6;16558,5;16919,3;20054,7;19314,2;18595,8;17704,3;29798,0;15817,2;22440,5;23214,6;18682,0;23955,3;
2469000;"Powiat m. Katowice";37327,4;54200,6;48997,7;54623,8;60877,2;61772,4;72353,2;85427,7;102209,5;94905,2;80599,6;71724,3;12588,9;214718,0;293728,3;
2470000;"Powiat m. Mysłowice";6454,2;10586,8;10981,0;17817,6;21088,5;16669,3;22598,3;24154,3;22711,3;20738,4;12908,6;23114,0;18616,6;20668,0;16137,0;
2471000;"Powiat m. Piekary Śląskie";7302,1;6260,0;8066,8;7643,0;8718,6;8581,1;9565,2;9154,1;13930,3;10893,1;12073,6;17035,0;15859,2;16150,0;15680,9;
2472000;"Powiat m. Ruda Śląska";26869,3;7362,5;33499,5;23699,6;26859,1;23293,1;31349,4;29863,7;34772,8;33726,1;36569,4;45026,4;35952,2;40742,0;48614,0;
2473000;"Powiat m. Rybnik";1937,4;7419,8;14901,4;16598,8;9018,4;8211,3;17342,7;25549,8;27868,9;25406,4;20670,1;39294,2;27142,9;30779,0;27464,0;
2474000;"Powiat m. Siemianowice Śląskie";9145,0;7902,7;9198,8;24491,9;13422,4;19860,1;16872,1;20873,6;22351,8;25794,5;21167,3;25784,8;19489,8;43214,0;24032,5;
2475000;"Powiat m. Sosnowiec";32347,0;34137,0;32796,0;22972,0;18020,0;27888,0;17053,0;23684,9;21790,2;21196,0;43862,1;66666,6;64500,8;83669,2;84956,4;
2476000;"Powiat m. Świętochłowice";6835,4;7835,3;7685,2;7854,4;8941,0;15999,2;13030,6;14037,1;11946,6;9953,7;13140,4;21893,3;20060,1;19598,0;18387,0;
2477000;"Powiat m. Tychy";37443,1;34582,8;27510,8;35293,2;31123,9;40582,3;36183,1;45507,4;47128,4;45339,4;58787,2;58058,2;39054,9;49579,0;57253,2;
2478000;"Powiat m. Zabrze";24380,1;26981,2;28034,6;27876,3;26476,6;30823,8;35793,8;50987,6;60471,8;69595,0;58477,7;74530,1;59470,7;60958,0;77994,5;
2479000;"Powiat m. Żory";6008,8;7021,7;7253,2;9796,2;8235,4;10695,7;11306,4;13233,7;13137,1;10974,2;11273,3;19820,5;20166,1;18894,3;16877,0;
2600000;"ŚWIĘTOKRZYSKIE";56069,8;49135,8;78039,8;81240,1;85669,7;99719,6;104971,0;103958,4;132456,5;139748,6;162484,7;185752,2;165187,6;169471,1;204711,9;
2601000;"Powiat buski";1176,9;1226,4;1360,6;1734,6;1276,1;1793,6;2099,4;2284,7;2845,9;3072,3;3156,4;7538,3;4594,8;9545,0;14379,0;
2602000;"Powiat jędrzejowski";0,0;0,0;0,0;0,0;0,0;3252,5;3452,7;1047,0;4712,9;5539,0;6934,9;6385,2;7527,8;2802,0;2727,0;
2603000;"Powiat kazimierski";0,0;0,0;169,8;243,7;346,5;526,4;872,0;745,8;485,7;818,2;803,6;763,9;824,9;339,0;2338,0;
2604000;"Powiat kielecki";0,0;0,0;155,2;183,4;532,0;200,2;316,9;265,9;696,0;4181,5;2368,9;7654,0;4539,1;5652,0;4694,0;
2605000;"Powiat konecki";2841,3;2164,5;1748,0;2021,2;2291,1;2101,6;3004,5;3138,0;3575,3;3083,2;2191,9;3246,5;2669,1;3401,0;6416,0;
2606000;"Powiat opatowski";646,2;629,1;537,8;342,1;541,9;815,2;845,9;864,0;1958,7;1483,6;2289,4;2201,7;1932,6;701,0;855,0;
2607000;"Powiat ostrowiecki";6498,1;4158,9;4762,0;3432,8;8166,1;3998,8;4407,3;4094,9;4401,8;4311,3;6253,8;12040,1;8722,5;8944,0;11796,0;
2608000;"Powiat pińczowski";1395,7;588,3;901,4;1358,1;1031,9;1361,9;1677,9;1379,7;1440,9;1605,3;1460,3;1459,8;1680,8;1024,0;2951,0;
2609000;"Powiat sandomierski";2681,9;1617,9;1265,6;1751,2;1998,7;2669,9;2573,1;2652,1;2182,4;452,4;1590,0;4055,5;2849,0;2899,0;5262,0;
2610000;"Powiat skarżyski";9452,0;8974,4;8499,8;4359,4;4665,5;5276,9;7608,3;7407,0;9251,9;9157,0;5533,8;9415,3;11283,3;12529,0;20597,0;
2611000;"Powiat starachowicki";6861,0;8144,0;7035,0;6272,0;7923,0;7005,0;8597,3;9639,3;10770,2;10500,4;8465,2;12806,1;9016,9;11980,0;13799,0;
2612000;"Powiat staszowski";2040,9;2929,3;2183,8;1673,4;1976,8;1920,9;2113,5;3471,6;2411,5;1842,9;4038,5;4665,2;2561,6;2214,0;4009,0;
2613000;"Powiat włoszczowski";1372,8;939,0;935,8;1015,2;968,1;1314,7;1485,6;1666,7;1209,5;1486,6;1004,1;1614,1;2846,2;3224,6;1206,9;
2661000;"Powiat m. Kielce";21103,0;17739,0;48485,0;56853,0;53952,0;67482,0;65916,6;65301,7;86513,8;92214,9;116393,9;111906,5;104139,0;104216,5;113682,0;
2800000;"WARMIŃSKO-MAZURSKIE";261071,8;257505,1;284344,1;280955,0;302864,1;313261,4;321203,0;407633,4;452472,0;477139,8;475172,1;531073,2;499462,4;468329,9;519802,0;
2801000;"Powiat bartoszycki";5141,1;5890,2;8731,6;7430,5;7998,5;7447,6;8385,3;7221,0;10568,3;10762,1;10455,1;11680,2;10663,0;11808,0;14901,0;
2802000;"Powiat braniewski";6058,0;7366,0;6100,0;5759,0;6765,0;6256,0;7306,3;8681,3;9447,9;8772,6;8574,3;9590,7;6693,2;8491,0;9905,0;
2803000;"Powiat działdowski";11113,0;8694,5;8986,5;10068,3;7176,3;9678,9;8256,5;7864,0;14286,5;16964,3;14526,7;11709,9;15942,0;18544,0;18473,5;
2804000;"Powiat elbląski";4349,0;6004,0;7607,0;5144,0;4813,0;4724,0;5803,0;6405,8;5565,0;9149,1;6293,8;8844,7;7416,7;6188,5;9399,0;
2805000;"Powiat ełcki";26071,0;23485,4;30556,2;23425,0;22209,6;21373,8;22220,6;27638,4;29144,0;45266,3;43606,3;46528,1;41508,4;30686,0;32131,0;
2806000;"Powiat giżycki";14506,4;11293,6;15877,8;15053,5;11688,8;16767,6;13313,8;26102,6;23156,9;22291,3;30459,3;17495,5;17432,1;11356,0;17694,0;
2807000;"Powiat iławski";11636,3;11492,9;11929,2;17768,7;15457,9;16861,5;23430,6;21727,8;39916,2;28982,7;24100,3;31589,8;31683,9;32437,0;29161,0;
2808000;"Powiat kętrzyński";9739,7;8617,3;14256,9;9305,5;12968,8;10449,9;12228,0;15282,9;13020,4;16734,0;14308,8;16750,5;12046,6;13961,0;15504,0;
2809000;"Powiat lidzbarski";5137,5;5319,4;4762,2;5114,8;6757,7;5690,3;6135,2;7746,6;8155,5;7900,8;8561,3;11250,9;7948,7;6659,0;7298,0;
2810000;"Powiat mrągowski";6779,6;7525,1;5919,1;5776,2;9229,6;8758,4;10037,3;9158,2;7263,3;13297,7;9837,6;12959,7;11744,5;7816,0;10112,1;
2811000;"Powiat nidzicki";4601,2;3461,3;2888,5;3415,8;3578,5;4079,6;5051,6;3849,2;7607,1;9492,8;6150,7;7176,3;3822,8;4222,0;6011,0;
2812000;"Powiat nowomiejski";2283,7;1417,2;2003,8;1986,5;2949,5;2241,3;2505,9;2834,6;4794,0;3532,5;2614,2;4728,7;5070,3;5500,0;4749,0;
2813000;"Powiat olecki";3627,0;4131,4;4018,9;4426,0;5242,9;6277,3;9107,4;8217,9;10606,3;7736,3;9061,1;10690,3;8507,6;13257,0;11552,0;
2814000;"Powiat olsztyński";6027,9;8020,5;6862,8;4441,9;19903,4;25419,3;34247,2;36942,6;53390,8;53855,8;41409,8;62764,6;42228,5;53094,0;58373,6;
2815000;"Powiat ostródzki";19829,8;20236,5;19715,4;15350,9;18087,8;19023,3;17255,9;21209,5;26143,6;22938,1;33302,2;26125,2;54063,6;28484,0;33151,0;
2816000;"Powiat piski";8053,0;6097,0;6751,0;7476,0;7153,4;7565,4;11525,3;12872,2;11116,3;11218,9;8481,6;11548,5;10341,5;12348,0;9639,0;
2817000;"Powiat szczycieński";6942,6;5276,3;6569,8;9736,4;7842,8;7780,2;11329,0;12959,6;10736,0;13362,8;14090,1;13913,7;15962,7;11884,2;13641,0;
2818000;"Powiat gołdapski";3766,9;3720,6;4361,3;3958,0;4092,6;5793,4;5208,8;5383,0;6869,5;7878,9;4776,9;6655,4;5185,1;5040,2;7141,0;
2819000;"Powiat węgorzewski";3650,3;3513,6;5376,6;3060,4;3215,6;2553,2;3556,7;3671,3;4489,4;5407,9;4648,3;7725,2;6249,9;3260,0;9403,0;
2861000;"Powiat m. Elbląg";21883,0;22571,0;24974,0;29084,0;31736,0;31557,0;29026,0;54483,3;51887,8;52551,6;69633,1;66185,3;67103,7;61131,0;65062,8;
2862000;"Powiat m. Olsztyn";79874,8;83371,3;86095,5;93173,6;93996,4;92963,4;75272,6;107381,6;104307,2;109043,3;110280,6;135160,0;117847,6;122163,0;136500,0;
3000000;"WIELKOPOLSKIE";498182,1;523039,0;555623,9;584126,5;616795,1;682517,7;716028,0;774423,7;1044552,5;881243,4;957678,2;1090009,0;1228742,6;1253588,1;1343045,4;
3001000;"Powiat chodzieski";2477,0;1971,1;2720,5;3025,2;3230,0;3713,0;4382,2;7604,2;4901,1;5275,4;3861,5;9717,6;6704,7;6404,0;8596,0;
3002000;"Powiat czarnkowsko-trzcianecki";4306,7;11013,3;9489,5;7362,4;10103,7;9642,2;6878,0;7815,6;5563,9;7465,2;5872,7;8039,0;9838,5;6459,1;7521,0;
3003000;"Powiat gnieźnieński";8478,2;21930,7;16707,7;17629,0;14965,0;10734,1;17446,9;18874,0;18049,1;27622,1;26978,0;44336,6;28432,3;23647,0;30567,0;
3004000;"Powiat gostyński";4802,5;3534,1;4338,4;4840,9;4651,8;6200,1;7345,1;10033,4;10568,6;12040,7;9685,3;18304,5;14538,5;10127,0;13363,0;
3005000;"Powiat grodziski";2995,5;5890,9;4985,3;3749,1;4264,8;4592,1;5356,5;6552,5;6510,6;5865,2;8528,5;7904,7;13730,0;7774,0;12849,0;
3006000;"Powiat jarociński";6054,8;5452,0;6284,9;2476,2;3476,8;2405,6;6035,8;7448,5;9870,7;9937,0;14671,1;21537,1;16506,1;24273,0;14701,5;
3007000;"Powiat kaliski";567,0;282,0;498,0;385,0;556,0;960,0;1103,0;355,0;1158,0;1614,3;774,3;1221,8;1036,2;2533,0;3035,0;
3008000;"Powiat kępiński";269,9;848,5;297,5;395,0;646,9;508,6;430,0;4029,5;4575,7;8166,9;7697,7;11022,3;10379,0;10764,8;14091,0;
3009000;"Powiat kolski";1296,4;5302,1;2017,6;2133,8;3182,6;3604,6;3119,6;3725,5;3323,8;4031,4;5591,8;5399,6;4365,6;4779,0;5331,0;
3010000;"Powiat koniński";353,0;153,0;138,0;249,0;501,0;2062,0;2482,0;2783,0;3928,2;2150,1;2904,3;3740,6;5292,1;4277,0;4906,0;
3011000;"Powiat kościański";573,8;1774,9;5667,0;6517,4;5818,6;7282,9;8891,9;11051,4;14228,8;12585,8;19914,0;18034,3;18015,0;16355,0;21233,0;
3012000;"Powiat krotoszyński";11693,3;10005,0;6291,9;7614,2;8800,5;9506,6;11351,9;9695,0;9435,5;13897,9;11900,2;9114,7;11405,1;14474,0;13677,0;
3013000;"Powiat leszczyński";1597,9;362,4;504,0;510,2;161,0;1724,1;4555,4;7738,1;12359,7;11308,6;17423,5;22748,8;20667,7;18043,0;20500,0;
3014000;"Powiat międzychodzki";4347,4;4204,7;5211,2;3930,5;4648,6;5235,0;5171,9;4774,0;5216,0;4493,6;5276,5;8666,1;5225,9;4230,0;5133,0;
3015000;"Powiat nowotomyski";5274,6;7258,2;6724,1;6322,3;8835,0;10349,4;9616,3;7746,8;10912,0;8919,2;11259,8;15036,7;16247,7;13923,0;16402,0;
3016000;"Powiat obornicki";13767,0;9145,3;12164,8;7300,1;8229,8;7961,9;11639,3;7454,5;13824,8;16066,1;20562,0;19378,8;20046,7;17322,0;18855,0;
3017000;"Powiat ostrowski";0,0;1018,2;1204,0;569,4;2356,4;10232,7;9392,1;20831,0;30580,6;25536,9;25768,7;34646,4;30909,2;22496,0;27309,0;
3018000;"Powiat ostrzeszowski";1640,3;1295,2;1318,3;2508,7;2449,6;2908,5;3106,2;2719,6;5173,9;1830,1;4656,7;2104,0;4077,8;4786,0;3313,0;
3019000;"Powiat pilski";10546,9;10820,3;11428,6;13262,6;15610,8;19826,6;23795,5;25973,0;30767,9;32702,8;37974,8;53192,2;43450,3;43351,0;43053,0;
3020000;"Powiat pleszewski";4400,8;3013,5;4465,5;3972,5;4481,7;5403,8;5693,9;3611,8;3570,8;4386,0;3286,4;9513,2;16397,7;8238,0;8973,0;
3021000;"Powiat poznański";93269,7;98010,3;122694,0;127720,8;140978,7;135947,0;111246,2;64152,8;230162,9;258585,6;249043,2;171968,7;178419,7;306544,0;298822,0;
3022000;"Powiat rawicki";4743,1;3413,6;3429,9;5091,3;3953,4;4516,9;5597,4;7631,6;9347,0;9551,4;9502,5;7410,1;8044,5;13023,0;10649,0;
3023000;"Powiat słupecki";3198,8;1633,2;1032,8;2646,0;1463,9;3096,8;2465,7;2961,8;2406,4;4561,6;4247,0;5551,9;5554,5;4982,0;6872,0;
3024000;"Powiat szamotulski";5232,8;3617,7;4448,1;4648,7;5182,6;2452,1;12706,0;18041,4;16977,3;23199,5;27750,3;28881,4;20672,8;19220,9;15235,8;
3025000;"Powiat średzki";4625,9;5933,8;2998,5;3154,7;2708,5;4413,9;8604,5;11417,7;17788,9;12791,4;5763,7;11596,5;21264,0;20134,0;21386,0;
3026000;"Powiat śremski";3025,4;3295,5;3696,3;4939,3;3410,6;4628,3;4187,9;10618,7;18671,0;13736,2;18625,2;16143,3;17518,8;11735,0;19617,0;
3027000;"Powiat turecki";2514,3;4630,9;5042,7;6290,1;4952,0;4456,0;7466,6;10195,6;6511,2;5375,3;5777,2;10002,1;11625,0;6032,0;8888,0;
3028000;"Powiat wągrowiecki";4859,0;4773,0;3572,0;6170,0;9171,8;9409,0;11659,1;8509,0;10196,4;11513,5;9378,0;17162,3;16406,5;16931,0;17986,0;
3029000;"Powiat wolsztyński";3784,4;3387,5;3490,5;3983,1;2053,3;2500,6;1838,3;5741,4;6416,0;4360,5;7402,9;8440,0;9111,2;4276,0;4878,0;
3030000;"Powiat wrzesiński";9421,0;9711,2;11167,0;13728,5;12346,8;19821,8;20770,3;41699,3;34533,2;33552,8;38561,1;33007,4;27376,1;30066,2;24915,8;
3031000;"Powiat złotowski";6969,0;6138,0;7087,0;5702,0;9026,0;11530,0;10967,0;13499,0;10178,9;17420,9;13513,2;16112,1;18339,7;15718,0;17836,0;
3061000;"Powiat m. Kalisz";11315,4;13758,8;14020,7;19826,4;14497,1;16290,1;20309,0;26946,7;33242,2;35229,9;32906,2;38110,7;40090,9;33191,0;37123,0;
3062000;"Powiat m. Konin";9241,5;11653,9;11961,0;11760,5;13248,8;16491,6;16252,1;15451,3;20809,3;19099,8;18877,9;32352,3;20027,4;20563,0;21504,0;
3063000;"Powiat m. Leszno";7157,2;9289,3;9456,3;11182,2;9924,4;17069,8;13284,7;23283,8;20010,8;25246,2;30199,9;33981,4;31929,7;25490,0;28625,0;
3064000;"Powiat m. Poznań";243288,4;238516,9;249070,3;262529,4;276906,6;305040,0;320879,7;343457,2;402781,3;191123,5;241542,1;335629,8;505095,7;461426,1;515299,3;
3200000;"ZACHODNIOPOMORSKIE";312974,6;351718,2;387323,6;414590,8;422302,7;398730,8;493205,4;539181,2;624831,7;576571,6;348804,8;512823,1;440000,6;464329,5;572105,9;
3201000;"Powiat białogardzki";5750,0;6296,0;7995,0;5778,8;7843,8;8055,5;8179,4;9865,9;12233,3;12308,4;9418,3;13150,2;11359,4;9832,0;12284,6;
3202000;"Powiat choszczeński";1918,3;4683,7;2976,0;4598,5;5811,3;6847,3;7906,7;7275,5;10802,6;10572,6;9676,8;12813,4;9091,6;10531,0;9707,0;
3203000;"Powiat drawski";0,0;0,0;1216,0;6544,0;6541,4;7711,1;10283,1;9338,8;10219,6;11382,5;9843,4;11735,5;9748,1;10656,0;10298,2;
3204000;"Powiat goleniowski";13094,0;14511,1;12088,1;15304,3;15542,2;14050,7;14268,7;16502,5;19572,4;19915,9;15342,4;13438,9;14012,5;19928,0;20322,0;
3205000;"Powiat gryficki";7201,5;7585,8;8641,5;8086,5;9020,9;8453,7;9530,3;10465,6;13296,7;13608,8;14128,4;20457,8;34921,2;14490,0;11972,0;
3206000;"Powiat gryfiński";10165,1;11774,0;12248,4;12325,2;9751,7;12857,7;13408,0;14388,6;15699,2;17607,0;14411,8;23074,8;18705,4;22992,0;17430,3;
3207000;"Powiat kamieński";15886,7;12794,5;12247,0;15435,7;15268,7;8839,0;16909,4;18727,7;19466,1;15876,6;21600,0;15848,6;36585,5;16547,0;8430,0;
3208000;"Powiat kołobrzeski";39611,4;31623,3;40510,3;33993,0;32700,3;25210,1;30280,8;17571,0;56985,3;37859,2;21119,1;100164,9;65865,6;57511,5;65942,5;
3209000;"Powiat koszaliński";5519,5;7812,2;8691,3;12813,2;12821,2;9467,9;12599,9;15085,4;22392,7;27256,1;23668,9;27631,9;21543,2;18876,0;17505,0;
3210000;"Powiat myśliborski";7901,1;7433,0;8677,9;8043,2;8109,4;9805,9;11804,2;10376,1;12302,6;12051,7;11941,7;17358,2;12180,4;10826,0;11194,0;
3211000;"Powiat policki";25219,1;20669,6;25661,2;25514,9;23104,6;18038,3;27524,4;21169,2;27887,6;45007,7;26412,9;53541,2;54183,1;44819,0;46914,0;
3212000;"Powiat pyrzycki";4209,8;4678,8;4433,9;3688,4;4606,4;5347,7;5047,1;5107,5;5988,8;7954,1;6690,6;8201,5;6952,2;6096,0;8338,5;
3213000;"Powiat sławieński";1284,0;3550,1;4632,0;6816,5;11182,5;11449,2;10253,5;15186,5;13004,3;13984,8;17158,6;21722,1;22409,7;16955,0;15948,5;
3214000;"Powiat stargardzki";23114,6;22797,2;25828,1;23978,5;30732,1;27714,6;28690,4;35009,9;46431,6;36567,7;49913,9;48537,2;44262,9;54244,0;58048,3;
3215000;"Powiat szczecinecki";10963,4;12398,6;13092,5;12001,7;15240,1;14877,8;15946,1;22520,4;26019,8;26239,9;33468,4;31517,8;17141,0;24864,0;25803,0;
3216000;"Powiat świdwiński";6534,6;7162,8;7017,1;6519,4;5761,3;6335,0;8029,6;7955,3;11247,2;9141,2;11162,3;11583,5;10711,3;10184,0;12326,0;
3217000;"Powiat wałecki";5522,9;5201,8;8584,3;6267,3;7170,0;9492,4;8374,1;11077,1;11102,8;13404,4;12827,0;13923,1;10782,9;14475,0;13811,0;
3218000;"Powiat łobeski";5788,4;6114,8;5974,6;4676,7;5055,5;6100,1;6047,2;6395,2;5808,0;7069,1;5036,6;7549,9;7284,6;9509,0;8112,0;
3261000;"Powiat m. Koszalin";23377,2;22091,8;20436,1;21509,6;21955,8;23224,7;29866,7;35740,6;34773,9;25523,4;0,0;0,0;0,0;48646,0;59051,0;
3262000;"Powiat m. Szczecin";98037,7;140637,4;151692,2;172030,9;163252,4;152492,0;205328,6;229327,5;234814,4;194455,3;16797,2;39125,8;8661,5;25718,0;122507,0;
3263000;"Powiat m. Świnoujście";1875,3;1901,7;4680,1;8664,5;10831,1;12360,1;12927,2;20094,9;14782,8;18785,2;18186,5;21446,8;23598,5;16630,0;16161,0;
